vps,domain
vps1020,aanzetnet.nl
vps1020,ameland-pizza.nl
vps1020,annemarielefeber.nl
vps1020,ario.nl
vps1020,arlia.nl
vps1020,ateas-websites.nl
vps1020,autobedrijfschoone.nl
vps1020,azr-zorg.nl
vps1020,bergeinde.com
vps1020,betonbouw.com
vps1020,bibi-anne.nl
vps1020,biebtoernooi.nl
vps1020,bike-fit.com
vps1020,bios-heerenveen.com
vps1020,bootservicetheodevries.nl
vps1020,bouwservicechrisblok.nl
vps1020,bureaubinnen.nl
vps1020,buskruit.org
vps1020,carlavanderheijde.nl
vps1020,casper.org.uk
vps1020,charlitho.nl
vps1020,concire.nl
vps1020,danella-nv.com
vps1020,danella.plastico-nv.com
vps1020,danielakoele.info
vps1020,deltamilk.nl
vps1020,demoservice.nl
vps1020,dev.deltamilk.nl
vps1020,dgcons.org
vps1020,diaconie.com
vps1020,dibo-emmen.nl
vps1020,dyscordia.nl
vps1020,edwardair.nl
vps1020,epgvoorthuizen.nl
vps1020,eproline.nl
vps1020,fittofunction.nl
vps1020,foto.jeffzimberlin.com
vps1020,francasa.uwnet.nl
vps1020,fred-schrijber.nl
vps1020,friesland-digitaal.eu
vps1020,fysiekfysio.nl
vps1020,fzorganicfood.com
vps1020,ganzosteotomie.nl
vps1020,garagemaniacs.nl
vps1020,gcw-leek.nl
vps1020,gijskornmann.nl
vps1020,global-data.nl
vps1020,hans-autoonderdelen.nl
vps1020,happybird.info
vps1020,hboon.nl
vps1020,hefco-opleidingen.com
vps1020,heioord.com
vps1020,helmavdboom.nl
vps1020,heuvelink.net
vps1020,hocus.nl
vps1020,homesun.org
vps1020,huisartsenpraktijkb75.nl
vps1020,hustinxstichting.nl
vps1020,impera-consult.com
vps1020,impera-gruppe.ch
vps1020,inspirationcompany.nl
vps1020,interessence.nl
vps1020,inzichtingeweld.nl
vps1020,isv.dibo-emmen.nl
vps1020,jansenelektro.nl
vps1020,jeffzimberlin.com
vps1020,kinderopvang-maarssen.nl
vps1020,klueh.nl
vps1020,koezema.com
vps1020,koopsbedden.nl
vps1020,kurris.nl
vps1020,leerdamunica.nl
vps1020,levyconsult.nl
vps1020,liabregconsultancy.nl
vps1020,lingerieservice.nl
vps1020,littletikes.nl
vps1020,loonbedrijflolkema.nl
vps1020,makelaarfriesland.nl
vps1020,manthissa.com
vps1020,matthijsmeubels.nl
vps1020,mercedes-classic-parts.com
vps1020,nccgaynight.com
vps1020,nls.nl
vps1020,opleidingen-logistiek.dibo-emmen.nl
vps1020,opleidingen-transport.dibo-emmen.nl
vps1020,orgelconcertennoorbeek.nl
vps1020,pepping.net
vps1020,plastico-nv.com
vps1020,precisiegraafwerk.nl
vps1020,primeralucienne.nl
vps1020,punchpublicity.nl
vps1020,salesfloor.nl
vps1020,sanremo.ameland-pizza.nl
vps1020,sbtechniek.nl
vps1020,schuldenaarinnederland.be
vps1020,scubaservice.com
vps1020,sneeuwfitzutphen.nl
vps1020,spannenberg.info
vps1020,speedline-yachts.nl
vps1020,spiritueeladvies.nl
vps1020,name
vps1020,spsearch.nl
vps1020,stichtingzenit.nl
vps1020,stokmansadvies.nl
vps1020,systomatic-safety.com
vps1020,tebbal.nl
vps1020,test.dibo-emmen.nl
vps1020,timmerfabriekbesseling.nl
vps1020,trainingen-veiligheid.dibo-emmen.nl
vps1020,ttc-verhuur.nl
vps1020,tvanhouten.nl
vps1020,unclelarson.com
vps1020,upload.vanderdeijladvies.nl
vps1020,vanderdeijladvies.nl
vps1020,vanengelenhoven.nl
vps1020,vankesteren.us
vps1020,vdabpersdienst.nl
vps1020,vdint.nl
vps1020,vecomcomputers.nl
vps1020,verdegaal.com
vps1020,vjd-indruk.nl
vps1020,vlees.nu
vps1020,vosverhuur.nl
vps1020,webshop.eproline.nl
vps1020,wordpress.wuta-nigtevecht.nl
vps1020,wp.aanzetnet.nl
vps1020,wuta-nigtevecht.nl
vps1020,yieldtraining.nl
vps1020,zabamat.nl
vps1020,zorgmakelaar.net
vps1021,4leafclover.nl
vps1021,acetrains.com
vps1021,aja.nl
vps1021,amsterdam-duursport.nl
vps1021,aofbv.nl
vps1021,aquapelle.nl
vps1021,aquilus.org
vps1021,arjanmesman.nl
vps1021,austral.nl
vps1021,baby-talk.nl
vps1021,babyinzicht.nl
vps1021,bank-computers.nl
vps1021,beleefwieringen.nl
vps1021,boerenvreugd.nl
vps1021,bootweekend.vision4all.nl
vps1021,bsvv.nl
vps1021,bugfree.be
vps1021,bureauplesse.nl
vps1021,careerpartner.nl
vps1021,carlahorsten.nl
vps1021,censschadeservice.nl
vps1021,compstore.nl
vps1021,cornerman.net
vps1021,darstaed.com
vps1021,dealers.doubledutch.eu
vps1021,deblauwereiger-veere.nl
vps1021,debruinafbouw.nl
vps1021,dejongkeukens.nl
vps1021,dekleinepol.nl
vps1021,dekraai.vision4all.nl
vps1021,devogelpot.de
vps1021,dewislot.cornerman.net
vps1021,doubledutch.eu
vps1021,eewolff.nl
vps1021,elslaunspach.nl
vps1021,emmz.nl
vps1021,englisch.nl
vps1021,enquete.volleybalclubsassenheim.nl
vps1021,enzymplex.nl
vps1021,fashion4all.nl
vps1021,feest.werumeusbuning.nl
vps1021,foodles.nl
vps1021,fotoz.halsema.eu
vps1021,fullinsight.com
vps1021,galerieambergkerk.nl
vps1021,gemakgroep.nl
vps1021,glamourland.be
vps1021,goedecommunicatie.com
vps1021,goldielocks.tv
vps1021,goudaquint.nl
vps1021,goudswaard.nu
vps1021,groenehartcentrum.nl
vps1021,halsema.eu
vps1021,hamsterypurehonesty.nl
vps1021,hetinkoopcollectief.nl
vps1021,hetstrandhuismilligerplas.nl
vps1021,hofmakers.nl
vps1021,innovationindustries.org
vps1021,interactivewall.overeen.nl
vps1021,interim-finance.net
vps1021,issues.volleybalclubsassenheim.nl
vps1021,itfits-forecasting.com
vps1021,janveen.nl
vps1021,jeepee-center.nl
vps1021,jimgijbels.nl
vps1021,joviart.nl
vps1021,juliavanadrichem.nl
vps1021,just-incase.nl
vps1021,kapdesign.nl
vps1021,kasiagatkowska.com
vps1021,koersen.bsvv.nl
vps1021,kostertuininterieur.nl
vps1021,kruiveem.nl
vps1021,lelieveld-makelaardij.nl
vps1021,leonartmail.com.leonarto.nl
vps1021,leonarto.nl
vps1021,lineair.be
vps1021,loekweijts.nl
vps1021,lotsofdesign.nl
vps1021,lucienotto.nl
vps1021,maartenschets.nl
vps1021,marcotheunissen.nl
vps1021,mariannebogman.nl
vps1021,merelstraat.be
vps1021,merkensmakelaardij.nl
vps1021,mhs.vision4all.nl
vps1021,mindbreeze.nl
vps1021,minis.volleybalclubsassenheim.nl
vps1021,miomio.nl
vps1021,mona-konings-design.com
vps1021,naaiatelier-schaartje.nl
vps1021,new.joviart.nl
vps1021,nlp-coach.nl
vps1021,noordams.nl
vps1021,oldenhof.info
vps1021,only-jeep.jeepee-center.nl
vps1021,oreik.nl
vps1021,overeen.nl
vps1021,parafarm.nl
vps1021,parochiealphenriel.nl
vps1021,pelvic.nl
vps1021,pharmeta.nl
vps1021,praktijkvangrinsven.nl
vps1021,purejewel.nl
vps1021,regts.com
vps1021,ridewithpride.nl
vps1021,rondehoep.nl
vps1021,scholing.overeen.nl
vps1021,schoorlemmer.nu
vps1021,shop.ventec.nl
vps1021,slandswelvaeren.com
vps1021,solarfarming.overeen.nl
vps1021,spoor-c.nl
vps1021,stemkens.com
vps1021,streekbelangen.nl
vps1021,sub.kruiveem.nl
vps1021,subsidie.gemakgroep.nl
vps1021,synergetis.nl
vps1021,synergy-mg.nl
vps1021,test.kapdesign.nl
vps1021,test.regts.com
vps1021,test.spoor-c.nl
vps1021,test.volleybalclubsassenheim.nl
vps1021,testomgeving.ventec.nl
vps1021,teteringsetennisvereniging.nl
vps1021,theoriginaldooky.com
vps1021,thevoiceofholland.tv
vps1021,thor.nl
vps1021,tog.vision4all.nl
vps1021,toys4sale.nl
vps1021,trompenburg.com
vps1021,unlimiteddesignholland.nl
vps1021,vanbeetem.nl
vps1021,vanheun.com
vps1021,ventec.nl
vps1021,verwielen.com
vps1021,vision4all.nl
vps1021,volleybalclubsassenheim.nl
vps1021,werumeusbuning.nl
vps1021,wonenindelot.nl
vps1021,wordpress.dekleinepol.nl
vps1021,wouter-smit.nl
vps1021,zeebries.com
vps1021,zettastor.eu
vps1022,15to25.nvcc.nl
vps1022,4rios.com
vps1022,4ward2.nl
vps1022,afipro.nl
vps1022,airvideo.nl
vps1022,akerhil.nl
vps1022,all-inservice.nl
vps1022,annsart.eu
vps1022,apps.tvodw.com
vps1022,arte-enzo.com
vps1022,bargemanvorden.nl
vps1022,basement-pd.com
vps1022,basement-pd.nl
vps1022,bdjfotografie.nl
vps1022,beautifultouch.nl
vps1022,beddenenmatrassen.nl
vps1022,bedrijvigevrouwen.nl
vps1022,beeldplan.nl
vps1022,bestewijnen.nl
vps1022,bikerescue.nl
vps1022,blijvee.piphits.nl
vps1022,bloemen.cahuita.biz
vps1022,borking.nl
vps1022,burolandsteiner.nl
vps1022,bvkdprinsenstad.com
vps1022,cahuita.biz
vps1022,caprinos.marimex.nl
vps1022,chateaudecamurac.com
vps1022,competenceconnect.nl
vps1022,constancehappee.nl
vps1022,cpcoachpraktijk.nl
vps1022,dartor.nl
vps1022,dasz.nl
vps1022,dekledij.nl
vps1022,deserrerijsenhout.nl
vps1022,dev.piphits.nl
vps1022,dezandingvorden.nl
vps1022,dinfyvandenbroek.nl
vps1022,djventilator.nl
vps1022,dorpsorgaan-spaarndam.nl
vps1022,dvvdruten.nl
vps1022,erikpeekfotografie.nl
vps1022,erp.hwjachttechniek.nl
vps1022,esvelt.nl
vps1022,everzijl.nl
vps1022,ezyweb.nl
vps1022,framarro.nl
vps1022,gekopkarper.nl
vps1022,grondel.info
vps1022,gvegt.nl
vps1022,HALopen2015.dartor.nl
vps1022,halopen2016.dartor.nl
vps1022,harker.nl
vps1022,hella.borking.nl
vps1022,hetoudehuys.eu
vps1022,horseinspiration.nl
vps1022,hwjachttechniek.nl
vps1022,ikbennederland.nl
vps1022,illustratoren.beeldplan.nl
vps1022,iosafe.info
vps1022,jan-roelevink.nl
vps1022,jeffreyschout.nl
vps1022,jensmedia.nl
vps1022,jobbies.piphits.nl
vps1022,jurgenhuwae.nl
vps1022,justmoments.nl
vps1022,juweelvanhaarlem.nl
vps1022,klio.esvelt.nl
vps1022,korenvisie.nl
vps1022,lbc.dartor.nl
vps1022,leorijnders.nl
vps1022,ligtermoetsde.net
vps1022,lindibeunk.nl
vps1022,loekan.nl
vps1022,machinehuis.nl
vps1022,marijnhermanus.nl
vps1022,marimex.nl
vps1022,merkenshoveniers.nl
vps1022,miniatuurreclame.nl
vps1022,motorcareparkstad.nl
vps1022,n2m-installatie.nl
vps1022,neurofeedback-training.nl
vps1022,nieuw.timberproducts.nl
vps1022,nvcc.nl
vps1022,olis.esvelt.nl
vps1022,oncourse4success.nl
vps1022,osingadesign.com
vps1022,paulliekwie.nl
vps1022,piphits.nl
vps1022,praktijkvoorrt-helmond.nl
vps1022,raam.nu
vps1022,regioruimers.nl
vps1022,richardraats.nl
vps1022,richdiam.com
vps1022,riesjart.info
vps1022,sandravandenoutenaar.nl
vps1022,sanja-kregar.nl
vps1022,schmerz.djventilator.nl
vps1022,schutelektra.nl
vps1022,schutmultiservice.schutelektra.nl
vps1022,sepa-secretarieel.nl
vps1022,sfakia-kreta.de
vps1022,shop.motorcareparkstad.nl
vps1022,sironval.be
vps1022,soundormusic.nl
vps1022,stage.piphits.nl
vps1022,stavris.com
vps1022,stealth.piphits.nl
vps1022,stokerim.nl
vps1022,studiodegraaf.nl
vps1022,sytahammink.nl
vps1022,test.nvcc.nl
vps1022,timberproducts.nl
vps1022,tvodw.com
vps1022,ucb-group.nl
vps1022,uniqom.nl
vps1022,vanboxelschoenen.nl
vps1022,verdegaal.net
vps1022,vitaebella.nl
vps1022,volvertrouwen.nl
vps1022,w24fs.nl
vps1022,weilandinbeeld.nl
vps1022,wrapdesign.nl
vps1022,zarabozoblokland.nl
vps1022,zomer-cornelissen.nl
vps1022,zorgboerderijlaan.nl
vps1710,2012.sokkelopmaat.nl
vps1710,3a.nl
vps1710,aannemersbedrijf-dewilde.nl
vps1710,ah-electronics.com
vps1710,albiwa.nl
vps1710,alco.tv
vps1710,alcotrust.nl
vps1710,arch-lokaal.nl
vps1710,arnad.nl
vps1710,arnheimfashion.com
vps1710,atop-jachtbouw.nl
vps1710,autismeweek.nl
vps1710,beeldbank.imagez.nl
vps1710,benvanduin.com
vps1710,berg.demoet.com
vps1710,beverwijk.demoet.com
vps1710,bezinningstoerismefriesland.nl
vps1710,bloemheuvel.net
vps1710,board.gurdjieff.nl
vps1710,boscheindflyers.nl
vps1710,broexvastgoed.nl
vps1710,burohba.nl
vps1710,centrumhetverlangen.nl
vps1710,chrisderksen.nl
vps1710,computercreations.nl
vps1710,de-parketlegger.com
vps1710,deanjer.nl
vps1710,deeyazz.nl
vps1710,demoet.com
vps1710,drukdrukdruk.net
vps1710,dutchprowrestling.com
vps1710,dwsvelddriel.nl
vps1710,eenbaaneenbaas.nl
vps1710,eetbareterreinen.albiwa.nl
vps1710,effectreclame.nl
vps1710,effting-knoppert.nl
vps1710,effting.com
vps1710,embrechtskunststofkozijnen.nl
vps1710,equipe.nl
vps1710,er-gee.nl
vps1710,erikvos.nl
vps1710,ernestinestoop.nl
vps1710,ewaconsultancy.nl
vps1710,ewafashion.nl
vps1710,familiebuch.nl
vps1710,fibrofitstrong.nl
vps1710,finandi.nl
vps1710,forum.leafman.nl
vps1710,foto.benvanduin.com
vps1710,foto.intermed.nu
vps1710,franciendesign.nl
vps1710,fransmensonides.nl
vps1710,gurdjieff.nl
vps1710,hastensandbreakfast.nl
vps1710,hdv.intermed.nu
vps1710,huisvanpilates.nl
vps1710,imagez.nl
vps1710,imunofit.nl
vps1710,intermed.nu
vps1710,jazzpodiumwaterweg.nl
vps1710,jeffreypatty.com
vps1710,jet.effting.com
vps1710,jmaanders.nl
vps1710,johanstraver.nl
vps1710,kleurrijkedrukker.nl
vps1710,klusschoorsteenveegbedrijfjd.nl
vps1710,kraaienvangers.nl
vps1710,kukkeljanus.nl
vps1710,landjonker.nl
vps1710,leafman.nl
vps1710,leerhulpvanbeckhoven.nl
vps1710,leidingontvangen.nl
vps1710,lydiaschouten.com
vps1710,magnesiumplex.nl
vps1710,mandypieper.nl
vps1710,martini.intermed.nu
vps1710,masterdesk.nl
vps1710,mfmc.nl
vps1710,movingstars.nl
vps1710,museumvrienden.intermed.nu
vps1710,nahani.nl
vps1710,narrowcasting.computercreations.nl
vps1710,newangles.nl
vps1710,nuvoorlater.com
vps1710,ny.lydiaschouten.com
vps1710,ocl.nl
vps1710,old.vuurol.nl
vps1710,ontwerpwedstrijden.nl
vps1710,otchuizen.nl
vps1710,pannenkoekenhuisoudemaas.nl
vps1710,pauleffting.nl
vps1710,personeel.intermed.nu
vps1710,piet.demoet.com
vps1710,plankhond.nl
vps1710,project.lydiaschouten.com
vps1710,reizenardennen.nl
vps1710,relatiesieraden.nl
vps1710,reserveren.vuurol.nl
vps1710,rjonkman.nl
vps1710,rugzaktochten.nl
vps1710,scheffer-administraties.nl
vps1710,scratchmyback.nl
vps1710,sevenweb.nl
vps1710,silvestersieraden.nl
vps1710,sokkelopmaat.nl
vps1710,srhdesign.nl
vps1710,stadsmeester.nl
vps1710,stichting-hvr.nl
vps1710,stichtingwig.com
vps1710,symbionforte.nl
vps1710,t3trainer.com
vps1710,test.nahani.nl
vps1710,test.plankhond.nl
vps1710,theaterie.nl
vps1710,tickets.vuurol.nl
vps1710,tontek.demoet.com
vps1710,tony.demoet.com
vps1710,vanwesterop.nl
vps1710,vasteplanten.net
vps1710,vdab-talent.nl
vps1710,vevastgoed.nl
vps1710,vivante-yachts.nl
vps1710,vuurol.nl
vps1710,waxingthecity.nl
vps1710,we-keepintouch.com
vps1710,webwinkel.bloemheuvel.net
vps1710,www2.yachtcharter-vanstraten.nl
vps1710,yachtcharter-vanstraten.nl
vps1710,yellofish.nl
vps1710,zevenbergen.nl
vps1710,zonennailcentrumannou.nl
vps1710,zullie.jmaanders.nl
vps1711,a2p.nl
vps1711,ahbouwens.nl
vps1711,altijdweekend.nl
vps1711,anitagates.nl
vps1711,antibarbari.nl
vps1711,ariedeboer.nl
vps1711,assuran1.schrage.nl
vps1711,atlastecocel.nl
vps1711,azie.diemeer.nl
vps1711,badmojo.nl
vps1711,besparenoppensioenlasten.nl
vps1711,biowatersystems.be
vps1711,biowatersystems.com
vps1711,biowatersystems.de
vps1711,biowatersystems.nl
vps1711,booking.intersail.nl
vps1711,bouwensbeheerbv.nl
vps1711,bridgeviewgardens.nl
vps1711,bvoisthusen.nl
vps1711,c-s.nl
vps1711,car-rental.landmarks.gr
vps1711,cartographics.nl
vps1711,civil-solutions.nl
vps1711,coachingfrederiksplein.nl
vps1711,cobos.nl
vps1711,coversensation.com
vps1711,de.intersail.nl
vps1711,decaravangalerij.nl
vps1711,deltadesh.com
vps1711,den-hartog.net
vps1711,deoudedruckerij.nl
vps1711,deoudetoren.nl
vps1711,dereclamestudio.nl
vps1711,dev.docufilm.nl
vps1711,dev.wouterdekuyper.nl
vps1711,deverguldevalk.nl
vps1711,diemeer.nl
vps1711,digitale-borden.nl
vps1711,docentencongres.nl
vps1711,docufilm.nl
vps1711,druktvooru.nl
vps1711,en.intersail.nl
vps1711,espe-labeling.nl
vps1711,evanahon.nl
vps1711,examen-wft.nl
vps1711,felixfortuna.nl
vps1711,florencius.nl
vps1711,fortenvesting.mverhoeks.com
vps1711,foto.ringeling.net
vps1711,fotografie.ringeling.net
vps1711,fotoprodukt.be
vps1711,fotoprodukt.nl
vps1711,frankmoison.nl
vps1711,frankrijkhuis.be
vps1711,frankrijkhuis.nl
vps1711,friesland-bungalows.nl
vps1711,futuredesign.nl
vps1711,geraldvanwindt.nl
vps1711,goosecraft.nl
vps1711,haarlemoost.nl
vps1711,handicapbreda.nl
vps1711,heeremanstransport.nl
vps1711,helvetica.ismyname.nl
vps1711,horlogenieuws.nl
vps1711,hotelgiftservice.com
vps1711,hvdleeuw.uwnet.nl
vps1711,ijsclubnovazembla.nl
vps1711,inlaaghoeve.nl
vps1711,intersail.nl
vps1711,ismyname.nl
vps1711,iyt.reigerboys.nl
vps1711,jaap.ringeling.net
vps1711,jacobinevandermeer.com
vps1711,jacoma.nl
vps1711,jonasendewalvis.nl
vps1711,jtd.nl
vps1711,kalkom.nl
vps1711,kidmanandnicholson.com
vps1711,klanten.cartographics.nl
vps1711,koningshoevebv.nl
vps1711,kramerhoveniers.nl
vps1711,kuijpersentertainment.nl
vps1711,landmarks.gr
vps1711,leonravestein.nl
vps1711,lilianunlimited.nl
vps1711,mail.digitale-borden.nl
vps1711,martijnkrabbe.nl
vps1711,mini-stek.nl
vps1711,mmholtel.nl
vps1711,muster.nl
vps1711,muzenforum.nl
vps1711,mverhoeks.com
vps1711,neuf.nl
vps1711,new.mini-stek.nl
vps1711,nl.intersail.nl
vps1711,noorlag.nl
vps1711,nuenen.jtd.nl
vps1711,old.sidijk.nl
vps1711,onlylight.nl
vps1711,oosthuizendakar.nl
vps1711,particulier.tonies.nl
vps1711,partycentrum-friesland.nl
vps1711,paulbode.nl
vps1711,perrick.nl
vps1711,podoxpertnieuwegein.nl
vps1711,polycraft.nl
vps1711,pppr.nl
vps1711,praktijkfrederiksplein.nl
vps1711,pranger-oriental.com
vps1711,pranger-orientalartbooks.com
vps1711,priesman.nl
vps1711,printavenue.nl
vps1711,puresox.smitgas.nl
vps1711,qualityicons.com
vps1711,reedyk.com
vps1711,reigerboys.nl
vps1711,retailmotif.com
vps1711,ringeling.net
vps1711,s-info.eu
vps1711,sailingoffline.nl
vps1711,sale.sidijk.nl
vps1711,samsamschilders.nl
vps1711,schrage.nl
vps1711,seniorinnovatie.nl
vps1711,sidijk.nl
vps1711,smitgas.nl
vps1711,sportenspel.org
vps1711,strokes.nl
vps1711,test.evanahon.nl
vps1711,test.neuf.nl
vps1711,test.onlylight.nl
vps1711,tonies.nl
vps1711,totalfootballx.reigerboys.nl
vps1711,touchmedia.nl
vps1711,transportbegeleidinghaarlem.nl
vps1711,turnhout.net
vps1711,unifi.vandenbrinkict.nl
vps1711,vakantie.diemeer.nl
vps1711,vandenbrinkict.nl
vps1711,vitaldirect.nl
vps1711,wouterdekuyper.nl
vps1711,x-tension.nl
vps1711,x5bv.nl
vps1711,yanmarmotoren.nl
vps1711,Yvon-van-Delft.kalkom.nl
vps1711,zaalvoetbal.reigerboys.nl
vps1711,zakelijk.tonies.nl
vps1711,zoeken.com
vps1712,admin.natsec.nl
vps1712,advies.evo-it.nl
vps1712,amsterdam.vabos.nl
vps1712,aquawaard.nl
vps1712,arhcs.nl
vps1712,beatrixschoolmeppel.nl
vps1712,bedrijfevents.nl
vps1712,bedrijfsontruimingen.nl
vps1712,beta.druturnia.nl
vps1712,bieckmann.eu
vps1712,bodymince.nl
vps1712,boedelontruimer.nl
vps1712,bootadvocaten.com
vps1712,bureaumaas.nl
vps1712,carces.nl
vps1712,cascameleon.nl
vps1712,channelsales.eu
vps1712,classicautomobilerestoration.nl
vps1712,d-ware.nl
vps1712,deploc.evo-it.nl
vps1712,der-bv.com
vps1712,distrikost.evo-it.nl
vps1712,dotbelevingstheater.nl
vps1712,druturnia.nl
vps1712,emaillebordenarchief.nl
vps1712,evo-it.nl
vps1712,fbice.nl
vps1712,financieleorganizer.nl
vps1712,geosuite.evo-it.nl
vps1712,gidsenservicedelft.nl
vps1712,glijnis.nl
vps1712,GoogleWork.evo-it.nl
vps1712,hamij-hdb.nl
vps1712,hendrikbeerda.nl
vps1712,hjgweb.nl
vps1712,hobby-post.nl
vps1712,hobbynieuws.nl
vps1712,howanloi.nl
vps1712,humanbuzz.nl
vps1712,hz423.com
vps1712,ikverhuiszelf.nl
vps1712,inspirecoffee.com
vps1712,itbint.nl
vps1712,kingpmc.nl
vps1712,kostprijscalculatie.evo-it.nl
vps1712,l3snl.com
vps1712,lenteland.be
vps1712,m.rhodos-restaurant.nl
vps1712,mactech.nl
vps1712,magaloc.evo-it.nl
vps1712,meesonline.nl
vps1712,meta-dealer.be
vps1712,mindfulness.tendernet.nl
vps1712,minospallas.nl
vps1712,mmbmanagement.nl
vps1712,mobikappers.nl
vps1712,moskiart.nl
vps1712,muzenhuis.nl
vps1712,n-joywarehouse.nl
vps1712,natsec.nl
vps1712,new.hobby-post.nl
vps1712,nlslash.nl
vps1712,ontruimen.vabos.nl
vps1712,orderplan.evo-it.nl
vps1712,origineering.nl
vps1712,peopledecorations.nl
vps1712,praktijkmozaiek.nl
vps1712,priesman.com
vps1712,pro-design.nl
vps1712,profgear.nl
vps1712,prolecta.nl
vps1712,pulse-stationery.nl
vps1712,qplusa.profgear.nl
vps1712,rademakertjes.nl
vps1712,raymon.nl
vps1712,repond.evo-it.nl
vps1712,rhodos-restaurant.nl
vps1712,riakea.nl
vps1712,rij.nu
vps1712,ritplan.evo-it.nl
vps1712,ritregistratie.evo-it.nl
vps1712,rmm.evo-it.nl
vps1712,robinfilm.nl
vps1712,robopapier.nl
vps1712,rutgers-bv.nl
vps1712,schoten.nl
vps1712,shekinah.nu
vps1712,shinybeast.nl
vps1712,sirado.nl
vps1712,solidgraphics.nl
vps1712,spanjewijn.nl
vps1712,stichtinghora.nl
vps1712,sumicom.nl
vps1712,talparadio.net
vps1712,tendernet.nl
vps1712,test.bedrijfsontruimingen.nl
vps1712,testsite.evo-it.nl
vps1712,thilot.com
vps1712,thundershirtnederland.nl
vps1712,tomvankleinwee.nl
vps1712,twcleosmit.nl
vps1712,twowaycommunication.nl
vps1712,vabos.nl
vps1712,vdab-nibesvv.nl
vps1712,vdab-sprekers.nl
vps1712,vdab-vkg.nl
vps1712,vdab.nl
vps1712,vdmeyden.nl
vps1712,vengo.nl
vps1712,verreculturendelft.nl
vps1712,vieyra.nl
vps1712,vistatelecom.nl
vps1712,vocalgroupbant.nl
vps1712,voortmanelectric.nl
vps1712,waakvlam.com
vps1712,watersportwebwinkel.nl
vps1712,webshop.muzenhuis.nl
vps1712,webstore.xplorys.com
vps1712,webwinkel.weldaadbessen.nl
vps1712,wedstrijdzwemmen.aquawaard.nl
vps1712,weijerconsulting.nl
vps1712,weldaadbessen.nl
vps1712,wineandgifts.nl
vps1712,woelwaters.info
vps1712,www2.shinybeast.nl
vps1712,xplorys.com
vps1712,yachtcharter-friesland-fnma.com
vps1712,yamas.rhodos-restaurant.nl
vps1712,yogafloor.nl
vps1713,a4communicatie.nl
vps1713,aadvanboven.nl
vps1713,agelink.nu
vps1713,angevaare.nl
vps1713,aqualion.nl
vps1713,arjankappers.nl
vps1713,attenderingservice.nl
vps1713,avzsolutions.nl
vps1713,b-trained.nl
vps1713,bakkerenschnabel.nl
vps1713,beeldbankwoonbron.louwolfs.nl
vps1713,beleefhollandskroon.nl
vps1713,blog.staffordfocus.nl
vps1713,boot.arjankappers.nl
vps1713,buurtverenigingdongen-west.nl
vps1713,bvisolutions.nl
vps1713,c5.arjankappers.nl
vps1713,cama-motorparts.nl
vps1713,camamotoren.nl
vps1713,cissp.aadvanboven.nl
vps1713,columbusinnovation.com
vps1713,coupetif.nl
vps1713,creatief-denken.nl
vps1713,cynthia.aadvanboven.nl
vps1713,delindeboom.info
vps1713,detechnoshop.nl
vps1713,dinges20.luvana.nl
vps1713,dinges21.luvana.nl
vps1713,djnijkie.nl
vps1713,dodo-upgrades.nl
vps1713,doek.arjankappers.nl
vps1713,dokterschuring.nl
vps1713,drukjeur.nl
vps1713,duivenoverlast.nl
vps1713,emous.nl
vps1713,engels.aqualion.nl
vps1713,enneajoy.nl
vps1713,erkendeontruimers.nl
vps1713,files.aadvanboven.nl
vps1713,fokjebrand.nl
vps1713,fonswelters.nl
vps1713,gbijt.nl
vps1713,genti.nl
vps1713,gentiluomo.com
vps1713,gjvh89.eu
vps1713,globalexim.nl
vps1713,hb.arjankappers.nl
vps1713,hesiv.nl
vps1713,hetgoudenij.nl
vps1713,hillclimbers.nl
vps1713,hillegerscooters.nl
vps1713,hippotriade.nl
vps1713,hplantinga.nl
vps1713,hqc.info
vps1713,hqc.nl
vps1713,istickers.nl
vps1713,jabedo.nl
vps1713,jaxworks.nl
vps1713,jeda-design.nl
vps1713,jeroenvanrijn.com
vps1713,jjsavenije.nl
vps1713,jklootwijkhoveniersbedrijf.nl
vps1713,jrip.nl
vps1713,kaboekeleboe.nl
vps1713,key.aadvanboven.nl
vps1713,klant.wccs.nl
vps1713,knols.com
vps1713,kujangsakti.nl
vps1713,landgoeddetinteling.nl
vps1713,lederbewerking.nl
vps1713,louwolfs.nl
vps1713,luvana.nl
vps1713,mae.arjankappers.nl
vps1713,mailingbox.nl
vps1713,mailtest.arjankappers.nl
vps1713,memomix.nl
vps1713,miekerobroeks.nl
vps1713,mkbpensioenfonds.nl
vps1713,moospozzo.nl
vps1713,mopur.nl
vps1713,mosselcoaching.nl
vps1713,mrrobhulshoff.uwnet.nl
vps1713,nederlands.aqualion.nl
vps1713,nieuwesite.bakkerenschnabel.nl
vps1713,nieuwsgierigleiderschap.com
vps1713,nterra.nl
vps1713,office.knowlution.com
vps1713,oldsystem.fonswelters.nl
vps1713,omniumgroep.com
vps1713,ontruimingsexperts.nl
vps1713,oscarkocken.nl
vps1713,pvo-osteopathie.nl
vps1713,rijschoolwesthuis.nl
vps1713,rodyhoegee.nl
vps1713,roossien-lemmen.nl
vps1713,scheerens.nl
vps1713,soulbeach.nl
vps1713,staffordfocus.nl
vps1713,stalbrch.nl
vps1713,summerwind.aadvanboven.nl
vps1713,test.arjankappers.nl
vps1713,testserver.jeda-design.nl
vps1713,testsite.aqualion.nl
vps1713,theladypirates.nl
vps1713,toekomstmuziek.nu
vps1713,travelinbandbolsward.nl
vps1713,TS119.stalbrch.nl
vps1713,vcapelleveen.nl
vps1713,verbeterjesquash.nl
vps1713,vfr800.aadvanboven.nl
vps1713,vi-denhaag.nl
vps1713,volvanverwachting.nl
vps1713,vosstukadoorsbedrijf.nl
vps1713,vriendschapscomitedokkum.nl
vps1713,watismijnpensioen.nl
vps1713,wccs.nl
vps1713,websites.arjankappers.nl
vps1713,wienkbv.nl
vps1713,wonenopwater.nl
vps1713,wordpress.bakkerenschnabel.nl
vps1713,wp.arjankappers.nl
vps1713,wp1.arjankappers.nl
vps1713,wp2.arjankappers.nl
vps1713,wp3.arjankappers.nl
vps1713,wptestserver.jeda-design.nl
vps1713,wptestserver2.jeda-design.nl
vps1713,wptestserver3.jeda-design.nl
vps1713,zeilkriebels.com
vps1714,aan-de-slag.nl
vps1714,acasius.nl
vps1714,admin.gjs-yachtcharter.com
vps1714,aggredi.nl
vps1714,akerhill.nl
vps1714,allstars-coverband.nl
vps1714,annemiekpunt.nl
vps1714,associatiejeugdzorg.nl
vps1714,avier-hobby.nl
vps1714,baiae.nl
vps1714,bedrijfshulpverlening-alkmaar.nl
vps1714,bettenhaussen.com
vps1714,bim-werkwijze.info
vps1714,biomexx.com
vps1714,bizzrunners.com
vps1714,bouwserviceplaizier.nl
vps1714,brite-ideas.nl
vps1714,bruidsgids.nl
vps1714,calmcruiser.com
vps1714,cesto.nl
vps1714,chateaudevallagon.com
vps1714,chateaudevallagon.nl
vps1714,compluscom.nl
vps1714,cron.gjs-yachtcharter.com
vps1714,dazer2.de
vps1714,dejuul.nl
vps1714,dekleinedommel.nl
vps1714,dev.ockels-geoprodukten.nl
vps1714,dewaalcnc.nl
vps1714,donbosco-spaarndam.nl
vps1714,e-benchmarker.com
vps1714,ecmedia360.nl
vps1714,em-ha-em-art-productions.nl
vps1714,fabrique-invent.nl
vps1714,facturatie.gjs-yachtcharter.com
vps1714,fatum.nl
vps1714,fransixfree.com
vps1714,gezang.nl
vps1714,gjs-yachtcharter.com
vps1714,groenarchitect.nl
vps1714,hillebrandbouw.nl
vps1714,hoekstra-jachtcharter.nl
vps1714,how-to-make-loom-bands.aan-de-slag.nl
vps1714,imtech-kiekens.nl
vps1714,jachtaccessoires.nl
vps1714,jachthond.markandgo.nl
vps1714,jachtschipper.nl
vps1714,janheinvanrooy.nl
vps1714,kabbalah-toledano.org
vps1714,kinesiologiekristal.nl
vps1714,knipstudiocentrum.nl
vps1714,koopman.net
vps1714,krouwels.info
vps1714,kvlichtreclame.nl
vps1714,limport.nl
vps1714,linge-lloyd-consultants.nl
vps1714,markandgo.nl
vps1714,mediaal.nl
vps1714,medtel-europe.com
vps1714,meubelsonline.com
vps1714,mrlegalsolutions.nl
vps1714,mrls.nl
vps1714,nieuw.radiohenneken.nl
vps1714,obmtgroup.com
vps1714,ockels-geoprodukten.nl
vps1714,okkinokki.com
vps1714,old.pro-active-medicine.nl
vps1714,oud.gjs-yachtcharter.com
vps1714,overmarsadministraties.nl
vps1714,palet18.nl
vps1714,parrow-games.nl
vps1714,peperkampsanitair.nl
vps1714,photography.bettenhaussen.com
vps1714,priestband.com
vps1714,pro-active-medicine.nl
vps1714,proteinhair.nl
vps1714,pure-factory.nl
vps1714,radiohenneken.nl
vps1714,rallynews.eu
vps1714,ravoermans.nl
vps1714,reinig.nl
vps1714,rekers5.nl
vps1714,restaurant-toscana.nl
vps1714,rienfransen.nl
vps1714,rijschoolrainbow.nl
vps1714,robmemel.nl
vps1714,salland.tv
vps1714,saw-welzijnszorg.be
vps1714,schols.nl
vps1714,sensitives.sjaakhullekes.com
vps1714,sensproducties.nl
vps1714,shop.sjaakhullekes.com
vps1714,silviusschilders.nl
vps1714,sisters-bijoux.nl
vps1714,sjaakhullekes.com
vps1714,slappendel.nl
vps1714,smilaweb.nl
vps1714,snepworks.nl
vps1714,spectrus.nl
vps1714,staldeborgelink.nl
vps1714,startpagina.tv
vps1714,syssitia.nl
vps1714,tbs-rvs.nl
vps1714,test.pure-factory.nl
vps1714,test.rallynews.eu
vps1714,test.sjaakhullekes.com
vps1714,test.spectrus.nl
vps1714,teulingsconsult.eu
vps1714,teunvanderheide.nl
vps1714,thevoice.com
vps1714,thilot.nl
vps1714,ucbgroup.nl
vps1714,uitgeverij.aan-de-slag.nl
vps1714,unbreakablentc.nl
vps1714,vantinteren.com
vps1714,vdabpersdiensten.nl
vps1714,vrachtwinkel.nl
vps1714,waardergolf.nl
vps1714,wallertuin.nl
vps1714,wasmoeth-so.nl
vps1714,wasserij-steensel.nl
vps1714,wasserijsteensel.wasserij-steensel.nl
vps1714,waterwerf.nl
vps1714,webshop.avier-hobby.nl
vps1714,webshop2.avier-hobby.nl
vps1714,wijnenzo.nl
vps1714,youniqueskincare.nl
vps1714,zilvergeldstam.nl
vps1714,zolex.nl
vps1715,acc.meelen.com
vps1715,accesstolife.nl
vps1715,akerhill.com
vps1715,alexanderhairstylers.nl
vps1715,altijdeenschoonkantoor.nl
vps1715,amateurscheidsrechter.nl
vps1715,autodemontageverwijst.nl
vps1715,babro.nl
vps1715,balletendans.nl
vps1715,beiboermbparts.nl
vps1715,bizzniz.nl
vps1715,bodycontour-geldrop.nl
vps1715,caesaradviseurs.com
vps1715,cafespaarndam.nl
vps1715,calliber.nl
vps1715,carlonoort.nl
vps1715,chrvanderwurff.nl
vps1715,clubmagicevents.com
vps1715,cobvoermans.nl
vps1715,columnmedia.nl
vps1715,country-kitchen.nl
vps1715,d-day-consultancy.nl
vps1715,data-vision.nl
vps1715,dave.realhosting-demo.nl
vps1715,dazer2.com
vps1715,digiloonstrook.nl
vps1715,edwinstichting-drempel.nl
vps1715,exactmotorclub.nl
vps1715,excessbaggage.nl
vps1715,famkooy.eu
vps1715,ff.meelen.com
vps1715,firewallcompany.com
vps1715,fnma-charters.nl
vps1715,formenzo.nl
vps1715,fouls-fools.nl
vps1715,foundin.eu
vps1715,fransamsterdam.nl
vps1715,future.nl
vps1715,generalcommunitycentre.nl
vps1715,globalcourier.nl
vps1715,graafjes.nl
vps1715,graficalc.nl
vps1715,groeistrategen.nl
vps1715,grootinquisiteur.nl
vps1715,hairshop.nl
vps1715,hebor.nl
vps1715,holistischemassage.nu
vps1715,humani.nl
vps1715,ibanarouge.nl
vps1715,improve2perform.nl
vps1715,jannyhofman.nl
vps1715,jkl-consultancy.nl
vps1715,joomla.realhosting-demo.nl
vps1715,kerst2009.raadschelders-bouwadvies.nl
vps1715,kruup.nl
vps1715,lalalau.nl
vps1715,livinghockey.nl
vps1715,lo-online.nl
vps1715,louwersmetaal.nl
vps1715,lukasdejong.nl
vps1715,lustenburgt.nl
vps1715,marthyjansen.nl
vps1715,matthijsvanroon.com
vps1715,meelen.com
vps1715,menes.nl
vps1715,meta-dealer.nl
vps1715,mobiele-catering.nl
vps1715,moison-stamboom.nl
vps1715,nas.showrent.nl
vps1715,nescaflooring.nl
vps1715,nokx.nl
vps1715,nvizp.nl
vps1715,peter.realhosting-demo.nl
vps1715,piethein-fysiotherapie.nl
vps1715,pim.realhosting-demo.nl
vps1715,promutec.nl
vps1715,pv-gelre.nl
vps1715,pwtradingbv.nl
vps1715,raadschelders-bouwadvies.nl
vps1715,realhosting-demo.nl
vps1715,rechtswinkelhuizen.nl
vps1715,reijneker.com
vps1715,relieftransport.nl
vps1715,resed.nl
vps1715,rezz.nu
vps1715,rijkinbeeld.nl
vps1715,rob.van.meelen.com
vps1715,ruttensdrukkerij.nl
vps1715,schaatszak.nl
vps1715,schoorsteen-veger.nl
vps1715,showrent.nl
vps1715,siemgoede.nl
vps1715,silverstream.nl
vps1715,sintpietershof.nl
vps1715,sissingh.nl
vps1715,soomersconsultancy.nl
vps1715,srv-spaarndam.nl
vps1715,steinn.com
vps1715,stupharma.com
vps1715,support.graficalc.nl
vps1715,testadmin.hebor.nl
vps1715,testcg.realhosting-demo.nl
vps1715,tribu-bv.nl
vps1715,urgje.nl
vps1715,vandendriessche.biz
vps1715,vanderkrabbenbouwadvies.nl
vps1715,vanschoonacker.nl
vps1715,vdzand-douaneagent.com
vps1715,verkoopklaar.com
vps1715,vieyra.be
vps1715,webshop.alexanderhairstylers.nl
vps1715,wordpress.realhosting-demo.nl
vps1715,zandorbv.com
vps1715,zoie.eu
vps1715,zoiestyling.zoie.eu
vps1715,zoutewelleintercultureel.nl
vps1716,akwaaba.alls.nl
vps1716,alls.nl
vps1716,andringa.nl
vps1716,anteris.nl
vps1716,atcom-webdesign.nl
vps1716,atcomdemo.nl
vps1716,bapo-fpu.nl
vps1716,bibelebonseberg.nl
vps1716,bloemrijk.nl
vps1716,bonuscura.nl
vps1716,boxeeplus.com
vps1716,bruinevlootverzekering.nl
vps1716,certiked.nl
vps1716,cindrillon.nl
vps1716,competenceconnect.com
vps1716,competenceconnect.eu
vps1716,dejongmotor.nl
vps1716,designlab.wpdirect.nl
vps1716,documedia.nl
vps1716,duaalstudent.nl
vps1716,effective-ads.nl
vps1716,event.wpdirect.nl
vps1716,facservhaaglanden.nl
vps1716,flowroll.nl
vps1716,francien.seip.nl
vps1716,friesen.alls.nl
vps1716,funckme.com
vps1716,hartewijs.nl
vps1716,holding-thilot.nl
vps1716,integratievanbewustzijn.nl
vps1716,intermezzo-ulvenhout.nl
vps1716,isma.wpdirect.nl
vps1716,jacobhuisman.nl
vps1716,janskevanamstel.nl
vps1716,jeperealestate.com
vps1716,kagie.nl
vps1716,kankan.nl
vps1716,kanne.nl
vps1716,kasemir.nl
vps1716,kennistelefoon.nl
vps1716,klusseopdebrusse.nl
vps1716,kraalberg.nl
vps1716,kwaliteitsregister-organisatieadvies.nl
vps1716,landgoedtheunensteijn.nl
vps1716,ludopieters.nl
vps1716,luisteris.com
vps1716,mail.dejongmotor.nl
vps1716,mailing.vindog.nl
vps1716,masten-enzo.com
vps1716,maturedevelopment.com
vps1716,maximetiems.nl
vps1716,mf-music.com
vps1716,microscoop.info
vps1716,mitrateteringen.nl
vps1716,mobi.wpdirect.nl
vps1716,nico.seip.nl
vps1716,nieuw.klusseopdebrusse.nl
vps1716,numatrek.nl
vps1716,onsjeugdteam.nl
vps1716,out2travel.nl
vps1716,p2000.theo.seip.nl
vps1716,peracutus.com
vps1716,periscoop-consult.nl
vps1716,personalyogateacher.nl
vps1716,pigeon.nl
vps1716,pole.wpdirect.nl
vps1716,raats.nl
vps1716,reijnders.com
vps1716,restaurantowayos.nl
vps1716,richard.raats.nl
vps1716,rinusjacobs.nl
vps1716,rjshipping.nl
vps1716,saedev.nl
vps1716,seip.nl
vps1716,sevenhorses.nl
vps1716,slagboom.org
vps1716,stervilla.nl
vps1716,stoelmassageliekwie.nl
vps1716,suso.nl
vps1716,thenextpoptalent.nl
vps1716,theo.seip.nl
vps1716,tlverbeeten.nl
vps1716,vanbarreveld.nl
vps1716,vangrail.com
vps1716,varkevisser.nl
vps1716,verzuimdebaas.nl
vps1716,villa-turkije.com
vps1716,vindog.nl
vps1716,vispaleis.nl
vps1716,vk.wpdirect.nl
vps1716,voorbeeld.klusseopdebrusse.nl
vps1716,voorbeeld2.klusseopdebrusse.nl
vps1716,vrouwezand.nl
vps1716,waarland.net
vps1716,web.verzuimdebaas.nl
vps1716,weilandinbeeld.bloemrijk.nl
vps1716,wfd-en-opleidingen.nl
vps1716,wildduck.nl
vps1716,windmee.reijnders.com
vps1716,wingtjun.com
vps1716,wpdirect.nl
vps1716,xposers.nl
vps1716,yoursteps.nl
vps1716,zettastor.info
vps1716,zorgbiz.nl
vps1716,zwaluwstee.nl
vps1805,2419.eu
vps1805,45km.autobedrijven-totaal.nl
vps1805,4pdeploy.nl
vps1805,abrico.nl
vps1805,admin.rijschoolvannoort.nl
vps1805,admin.robert-jaap.nl
vps1805,admosfeer.nl
vps1805,adsensemoney.autobedrijven-totaal.nl
vps1805,affiliates.autobedrijven-totaal.nl
vps1805,agenda.pgdaw.nl
vps1805,alfa-romeo.autobedrijven-totaal.nl
vps1805,allesopmaat.com
vps1805,amy.severijn.eu
vps1805,amymca.severijn.eu
vps1805,appartementnoflik.com
vps1805,asalsaya.eu
vps1805,asia.autobedrijven-totaal.nl
vps1805,aston-martin.autobedrijven-totaal.nl
vps1805,audi.autobedrijven-totaal.nl
vps1805,autobedrijven-totaal.nl
vps1805,autoshop.autobedrijven-totaal.nl
vps1805,baath.nl
vps1805,bannerruil.autobedrijven-totaal.nl
vps1805,bartderooij.nl
vps1805,bartstuart.nl
vps1805,bedmaker.nl
vps1805,beelman.nl
vps1805,bentley.autobedrijven-totaal.nl
vps1805,bert.severijn.eu
vps1805,bertolf.nl
vps1805,bimarservices.nl
vps1805,blog.mickeyfluffy.nl
vps1805,bmw.autobedrijven-totaal.nl
vps1805,boeimeer.nl
vps1805,bofet.nl
vps1805,boonarchitectuur.pi3d.nl
vps1805,boshuuske.nl
vps1805,botoxmaastricht.nl
vps1805,breakenbuild.nl
vps1805,brent.severijn.eu
vps1805,brentgoudvis2007.severijn.eu
vps1805,bri50.lex-brigitte.nl
vps1805,bsjkledingverhuur.nl
vps1805,burton.autobedrijven-totaal.nl
vps1805,cadillac.autobedrijven-totaal.nl
vps1805,cafeamericain.nl
vps1805,carlamartens.nl
vps1805,cbr1100xx.nl
vps1805,chevrolet-us.autobedrijven-totaal.nl
vps1805,chevrolet.autobedrijven-totaal.nl
vps1805,chineseservices.nl
vps1805,chris.vangennepautos.nl
vps1805,chrysler.autobedrijven-totaal.nl
vps1805,citroen.autobedrijven-totaal.nl
vps1805,collectingsilence.org
vps1805,colorsmile.nl
vps1805,commerceone.eu
vps1805,coolegasten.nl
vps1805,dacia.autobedrijven-totaal.nl
vps1805,daihatsu.autobedrijven-totaal.nl
vps1805,daimler.autobedrijven-totaal.nl
vps1805,de-goede-herder.nl
vps1805,de-onlineshop.nl
vps1805,de.pgdaw.nl
vps1805,defontein.pgdaw.nl
vps1805,denbekker.nl
vps1805,dfwhh.nl
vps1805,dionysustrio.nl
vps1805,dodge.autobedrijven-totaal.nl
vps1805,download.lex-brigitte.nl
vps1805,dragonflydesign.nl
vps1805,e-pressed.net
vps1805,ebookshop.autobedrijven-totaal.nl
vps1805,eickenhorst.nl
vps1805,eigenwetencoaching.com
vps1805,elvis.severijn.eu
vps1805,english.chineseservices.nl
vps1805,enotecaamsterdam.nl
vps1805,erinaceus.nl
vps1805,esmeci.nl
vps1805,euromatic-bvba.be
vps1805,ferrari.autobedrijven-totaal.nl
vps1805,fiat.autobedrijven-totaal.nl
vps1805,fietsen.robert-jaap.nl
vps1805,fishing.autobedrijven-totaal.nl
vps1805,ford-us.autobedrijven-totaal.nl
vps1805,ford.autobedrijven-totaal.nl
vps1805,fotografiekaren.karenveldkamp.nl
vps1805,gaming.jpstyle.nl
vps1805,geocaching.millieballon.nl
vps1805,groenelijn.nu
vps1805,grundo.nl
vps1805,gsmwebpromotions.nl
vps1805,gvunido.nl
vps1805,hairu2.josgielkens.nl
vps1805,hapjesfabriek.com
vps1805,harmoniaamersfoort.nl
vps1805,harpmusic.nl
vps1805,harpmuziek.be
vps1805,healingorganisations.org
vps1805,henkbeijersarchiefcollectie.nl
vps1805,henkleppers.nl
vps1805,ho-ab.nl
vps1805,hobbycom.nl
vps1805,hofboer.nl
vps1805,honda.autobedrijven-totaal.nl
vps1805,hover-ads.autobedrijven-totaal.nl
vps1805,huisje.remkovandenakker.nl
vps1805,hummer.autobedrijven-totaal.nl
vps1805,hyundai.autobedrijven-totaal.nl
vps1805,ilse.severijn.eu
vps1805,infiniti.autobedrijven-totaal.nl
vps1805,ingemoons.com
vps1805,iskall.nl
vps1805,istvan-photography.com.istvan-photography.nl
vps1805,istvan-photography.nl
vps1805,jaguar.autobedrijven-totaal.nl
vps1805,janklupper.nl
vps1805,janvandenbrand.nl
vps1805,jeep.autobedrijven-totaal.nl
vps1805,jetske.millieballon.nl
vps1805,jonkerszorg.severijn.eu
vps1805,josgielkens.nl
vps1805,jouwbod.autobedrijven-totaal.nl
vps1805,jpmaat.nl
vps1805,jpstyle.nl
vps1805,karenveldkamp.nl
vps1805,karina.de-onlineshop.nl
vps1805,kennisnetwerkkrimp.nl
vps1805,kia.autobedrijven-totaal.nl
vps1805,kinderkleding.autobedrijven-totaal.nl
vps1805,kinesiologie-eindhoven.nl
vps1805,kleinhumalda.nl
vps1805,kp.dfwhh.nl
vps1805,kreftonline.nl
vps1805,lada.autobedrijven-totaal.nl
vps1805,lamborghini.autobedrijven-totaal.nl
vps1805,lancia.autobedrijven-totaal.nl
vps1805,land-rover.autobedrijven-totaal.nl
vps1805,landwind.autobedrijven-totaal.nl
vps1805,lars.millieballon.nl
vps1805,leadcrystal.nl
vps1805,lepatron.autobedrijven-totaal.nl
vps1805,levendlandschap.eu
vps1805,lex-brigitte.nl
vps1805,lexus.autobedrijven-totaal.nl
vps1805,lijsterburen.severijn.eu
vps1805,links.remkovandenakker.nl
vps1805,lotus.autobedrijven-totaal.nl
vps1805,maserati.autobedrijven-totaal.nl
vps1805,mat50.lex-brigitte.nl
vps1805,maxime.severijn.eu
vps1805,mazda.autobedrijven-totaal.nl
vps1805,mercedes-benz.autobedrijven-totaal.nl
vps1805,mg-it.nl
vps1805,mg.autobedrijven-totaal.nl
vps1805,mickeyfluffy.nl
vps1805,millieballon.nl
vps1805,mini.autobedrijven-totaal.nl
vps1805,mitsubishi.autobedrijven-totaal.nl
vps1805,mix.remkovandenakker.nl
vps1805,mjureke.nl
vps1805,msm.autobedrijven-totaal.nl
vps1805,musicbymarjon.nl
vps1805,myquai.eu
vps1805,nagelstudiosybrenne.nl
vps1805,new.asalsaya.eu
vps1805,nissan.autobedrijven-totaal.nl
vps1805,noble.autobedrijven-totaal.nl
vps1805,numuseum.nl
vps1805,ohaha.chineseservices.nl
vps1805,onderhoudsbedrijfnoordermeer.nl
vps1805,opel.autobedrijven-totaal.nl
vps1805,pascaldebruijntransport.nl
vps1805,paul.ptsc.nl
vps1805,pbh5.bedmaker.nl
vps1805,pe1rtt.remkovandenakker.nl
vps1805,petersmaltuinen.severijn.eu
vps1805,peugeot.autobedrijven-totaal.nl
vps1805,pgdaw.nl
vps1805,phanosfund.nl
vps1805,pi3d.nl
vps1805,plus.remkovandenakker.nl
vps1805,pontiac.autobedrijven-totaal.nl
vps1805,porsche.autobedrijven-totaal.nl
vps1805,portretschilder.nu
vps1805,promezzo.severijn.eu
vps1805,ptsc.nl
vps1805,qrius.info
vps1805,qrius.pgdaw.nl
vps1805,qriusnew.pgdaw.nl
vps1805,radio.remkovandenakker.nl
vps1805,reizen.fietsen.robert-jaap.nl
vps1805,remkovandenakker.nl
vps1805,renault.autobedrijven-totaal.nl
vps1805,rijschoolvannoort.nl
vps1805,robert-jaap.nl
vps1805,roeland50.lex-brigitte.nl
vps1805,rolls-royce.autobedrijven-totaal.nl
vps1805,roughwroughts.nl
vps1805,rover.autobedrijven-totaal.nl
vps1805,royhendrikx.nl
vps1805,rubbertegelspecialist.eu
vps1805,ruitstuk.eu
vps1805,ruska.autobedrijven-totaal.nl
vps1805,russischvertaalbureau-raisa.nl
vps1805,saab.autobedrijven-totaal.nl
vps1805,salon-desiree.nl
vps1805,sandervanluit.com
vps1805,santana.autobedrijven-totaal.nl
vps1805,seat.autobedrijven-totaal.nl
vps1805,seechien.com
vps1805,severijn.eu
vps1805,sina.millieballon.nl
vps1805,skoda.autobedrijven-totaal.nl
vps1805,smart.autobedrijven-totaal.nl
vps1805,spyker.autobedrijven-totaal.nl
vps1805,ssangyong.autobedrijven-totaal.nl
vps1805,stucadoorsbedrijfsteltenpool.nl
vps1805,stukadoorsbedrijfbaardolf.nl
vps1805,subaru.autobedrijven-totaal.nl
vps1805,sunset-zonwering.severijn.eu
vps1805,suus.pi3d.nl
vps1805,suzuki.autobedrijven-totaal.nl
vps1805,tata.autobedrijven-totaal.nl
vps1805,test.autobedrijven-totaal.nl
vps1805,test.musicbymarjon.nl
vps1805,test.robert-jaap.nl
vps1805,test.severijn.eu
vps1805,test2.severijn.eu
vps1805,theliberalsociety.sandervanluit.com
vps1805,timegarden.nl
vps1805,tinekevanhilten.nl
vps1805,topaz.pgdaw.nl
vps1805,topaznew.pgdaw.nl
vps1805,toyota.autobedrijven-totaal.nl
vps1805,tvr.autobedrijven-totaal.nl
vps1805,tweedelezer.nl
vps1805,unity.pgdaw.nl
vps1805,unityband.pgdaw.nl
vps1805,unitynew.pgdaw.nl
vps1805,unoanimo.nl
vps1805,vangennepautos.nl
vps1805,veiling.autobedrijven-totaal.nl
vps1805,vfr-services.nl
vps1805,viscomedical.nl
vps1805,volkswagen.autobedrijven-totaal.nl
vps1805,volvo.autobedrijven-totaal.nl
vps1805,voorbeeld.autobedrijven-totaal.nl
vps1805,voorbeeld2.autobedrijven-totaal.nl
vps1805,vriendenvanpaul.nl
vps1805,wedding.autobedrijven-totaal.nl
vps1805,werkplaats.coolegasten.nl
vps1805,wiersma1.nl
vps1805,willemkruiderink.nl
vps1805,winkel.autobedrijven-totaal.nl
vps1805,wintersport2008.robert-jaap.nl
vps1805,wvanklompenburg.nl
vps1805,www.brentvvs46.severijn.eu
vps1805,www.portretschilder.nu
vps1805,zaanscooter.autobedrijven-totaal.nl
vps1805,zoeken.autobedrijven-totaal.nl
vps1805,zwemspullenwinkel.nl
vps1806,aavalanche.nl
vps1806,admin.hondentrimsalon-barkies.nl
vps1806,advadi.nl
vps1806,aerobics.aavalanche.nl
vps1806,annerooskinderopvang.nl
vps1806,atelierkunstzinnig.nl
vps1806,bedrijvenbeurszuidhorn.nl
vps1806,bim-experts.nl
vps1806,binx.eu
vps1806,blijvee.nl
vps1806,bouwens.nl
vps1806,campingasolaze.com
vps1806,cc.seriousnextlevel.com
vps1806,chora-sfakion-crete.com
vps1806,compairhaarlem.nl
vps1806,contentactual.com
vps1806,cp.meentjes.nl
vps1806,danworx.nl
vps1806,davedeedozybeakymickandtich.nl
vps1806,demodomein.nl
vps1806,dermasun.com
vps1806,digital-deal.nl
vps1806,diiclothing.com
vps1806,directz.seriousnextlevel.com
vps1806,ebctechniek.nl
vps1806,ecologize.net
vps1806,emenva.nl
vps1806,familiepeetersonline.nl
vps1806,fashionloader.com
vps1806,galerievanharinxma.com
vps1806,hamersenkesber.nl
vps1806,hogeschoolparkstad.nl
vps1806,hondentrimsalon-barkies.nl
vps1806,ic.inspiredigitalmedia.nl
vps1806,inspiredigitalmedia.nl
vps1806,inspiredmm.nl
vps1806,iwkaspain.es
vps1806,jaimsterdam.com
vps1806,janssencosmetics.nl
vps1806,jengarts.nl
vps1806,jjbproduktions.nl
vps1806,khr-chr.org
vps1806,kick.meentjes.nl
vps1806,kinderfysiotherapie-spelenderwijs.nl
vps1806,langbroekertje.nl
vps1806,leroweb.eu
vps1806,livetiming.zvdegeul.nl
vps1806,mage.stylinsite.com
vps1806,makelaardij.nl
vps1806,martinadvocaten.nl
vps1806,meentjes.nl
vps1806,merkenbescherming.org
vps1806,mierijmeteo.nl
vps1806,mijnfrankrijkhuis.nl
vps1806,mrs-jacqueline.nl
vps1806,musicboxhuren.nl
vps1806,nab.talpavisuals.tv
vps1806,new.mierijmeteo.nl
vps1806,nieuw.hondentrimsalon-barkies.nl
vps1806,nonosay.nl
vps1806,ont.talpavisuals.tv
vps1806,ontwerp.campingasolaze.com
vps1806,opkoewacht.nl
vps1806,orangeegg.nl
vps1806,pimeffting.nl
vps1806,pm.inspiredigitalmedia.nl
vps1806,podoxpert.nl
vps1806,promoprikkels.nl
vps1806,reseller.inspiredigitalmedia.nl
vps1806,robh.nl
vps1806,ronald.meentjes.nl
vps1806,rudyvandamme.net
vps1806,sambv.nl
vps1806,sanaanails.com
vps1806,sb.stylinsite.com
vps1806,sebweenink.com
vps1806,seriousnextlevel.com
vps1806,sky.danworx.nl
vps1806,softlines.nl
vps1806,speltherapiepraktijkdegoudenpoort.nl
vps1806,storage-discounter.com
vps1806,stylinsite.com
vps1806,talpavisuals.tv
vps1806,test.advadi.nl
vps1806,testu.nl
vps1806,vanbrummelendehaan.nl
vps1806,vanloenen.net
vps1806,vertrouwenspact.eu
vps1806,violinlounge.com
vps1806,voiceofgermany.de
vps1806,weblights.nl
vps1806,webshop.meentjes.nl
vps1806,weeshuislapaz.nl
vps1806,wieringerpakhuis.nl
vps1806,worldwebmedia.nl
vps1806,wwsat.nl
vps1806,zovana.nl
vps1806,zvdegeul.nl
vps1807,abaco.nl
vps1807,acoleye.nl
vps1807,acversluis.com
vps1807,acversluis.eu
vps1807,acversluis.nl
vps1807,adkparket.nl
vps1807,adoma.nl
vps1807,afkortingen.eu
vps1807,agriton.eu
vps1807,allez-allier.com
vps1807,animalconcepts.eu
vps1807,autobedrijfvanoorschot.nl
vps1807,aveas.nl
vps1807,aventel-glasvezel.nl
vps1807,aventel-iptelefonie.nl
vps1807,aventel.nl
vps1807,balanzmatrassen.nl
vps1807,basdekok.nl
vps1807,baskunnen.com
vps1807,belanov.nl
vps1807,beta.sdokamerik.nl
vps1807,betawebsite.m-govers-kelder.nl
vps1807,bouwkundigadviesenexpertise.nl
vps1807,burgersequipment.nl
vps1807,burgersverhuur.nl
vps1807,clingendael-advocaten.nl
vps1807,companysuits.nl
vps1807,coppers.nl
vps1807,coppersenpartners.nl
vps1807,coppersfreezing.nl
vps1807,cotac.eu
vps1807,de-snek.nl
vps1807,deballebak.nl
vps1807,decirkelamersfoort.nl
vps1807,degebrokenspaak.nl
vps1807,delofzang.nl
vps1807,detjattel.nl
vps1807,dev.autobedrijfvanoorschot.nl
vps1807,devalsspeler.nl
vps1807,dieren-verzekering.nu
vps1807,dierenarts-assistente.com
vps1807,dierenarts-dierenkliniek.com
vps1807,dierendokters.info
vps1807,dierenkliniekijpelaar.nl
vps1807,dierenkliniekrijen.nl
vps1807,diner-prive.nl
vps1807,dj.baskunnen.com
vps1807,djwalta.nl
vps1807,domeniegroup.nl
vps1807,donderjager.nl
vps1807,ds.naanab.nl
vps1807,duizel.verhulstnet.nl
vps1807,eliasstyling.nl
vps1807,elyn.nl
vps1807,familie.van.mulbregt.nl
vps1807,fit-voet.nl
vps1807,follega.com
vps1807,forum.allez-allier.com
vps1807,forum.naanab.nl
vps1807,fresh2web.nl
vps1807,g-eknivesandmore.com
vps1807,gerechtshof.com
vps1807,givawheels.nl
vps1807,glasenboekmidlaren.nl
vps1807,hansvesters.nl
vps1807,harmdenissen.nl
vps1807,hetgvo.nl
vps1807,hm.allez-allier.com
vps1807,hubbukkemskunst.nl
vps1807,huisinnormandie.nl
vps1807,iici-alumni.net
vps1807,ikwilvers.nl
vps1807,imata.nl
vps1807,inekeroest.nl
vps1807,info.allez-allier.com
vps1807,interestate-panningen.nl
vps1807,izci.nl
vps1807,jarnojanssen.com
vps1807,jemoer.djwalta.nl
vps1807,jeroenvandoorn.nl
vps1807,jitskeblom.nl
vps1807,joeyligtvoetstucadoorswerken.nl
vps1807,kinder-filmpjes-spelletjes-liedjes.nl
vps1807,klgconsultancy.nl
vps1807,kruimelhuis.nl
vps1807,laswerkautos.nl
vps1807,leomar.nl
vps1807,lwrvenlo.nl
vps1807,m-govers-kelder.nl
vps1807,magento.redevelopment.nl
vps1807,makelaardijcoppers.nl
vps1807,marilou.jeroenvandoorn.nl
vps1807,matrassenplaats.nl
vps1807,mcrijsbikers.nl
vps1807,mediatrader.nl
vps1807,meubeltoppers.nl
vps1807,mgvmusics.com
vps1807,milkshake.mshake.com
vps1807,misty.be
vps1807,mobilya.nl
vps1807,model.baskunnen.com
vps1807,mshake.com
vps1807,mulbregt.nl
vps1807,mvdbc.nl
vps1807,naanab.nl
vps1807,natuurplatform-drentsche-aa.nl
vps1807,nederlanders-in-barcelona.com
vps1807,nederlanders-in-barcelona.nl
vps1807,new.pixelridder.nl
vps1807,new.sintjob.nl
vps1807,niekderksen.nl
vps1807,nxpctd.com
vps1807,nxpctd.nl
vps1807,o-cockaigne.eu
vps1807,orphanedkittens.kruimelhuis.nl
vps1807,palingsoap.com
vps1807,patriciabollen.nl
vps1807,peterwoerde.nl
vps1807,photography.utalk.nl
vps1807,piiamaria.nl
vps1807,pixelridder.nl
vps1807,portfolio.harmdenissen.nl
vps1807,preview.utalk.nl
vps1807,projectdien.nl
vps1807,redevelopment.nl
vps1807,rene-derksen.nl
vps1807,reparatieklus.nl
vps1807,rhododendrons.nl
vps1807,richardnyaku.nl
vps1807,rubo.nu
vps1807,ruudzfotostudio.nl
vps1807,s-v-m.nl
vps1807,sdokamerik.nl
vps1807,sector024.nl
vps1807,siermetselwerkros.nl
vps1807,singlesinthehouse.com
vps1807,singlesinthehouse.nl
vps1807,sintjob.nl
vps1807,spatiebalkfilm.nl
vps1807,sportiefvoetbal.nl
vps1807,sq-engineering.nl
vps1807,stefanpopa.nl
vps1807,strictlybusiness.be
vps1807,strictlybusiness.nl
vps1807,teravandijkhuizen.nl
vps1807,test.hetgvo.nl
vps1807,test.niekderksen.nl
vps1807,thomasrutgers.nl
vps1807,utalk.nl
vps1807,vallcarca.com
vps1807,verhulstnet.nl
vps1807,vts-sevenum.nl
vps1807,vvdh.nl
vps1807,vvmt.eu
vps1807,weblog.redevelopment.nl
vps1807,webmediation.nl
vps1807,webteckel.com
vps1807,webteckel.nl
vps1807,wiki.utalk.nl
vps1807,wilinkcreatief.nl
vps1807,x-ceptionalmusic.com
vps1807,yootheme.dierenarts-dierenkliniek.com
vps1807,zuidlimburgbevrijd.nl
vps1808,16031964.nl
vps1808,actiefiguren.nl
vps1808,alexanderkooistra.nl
vps1808,allensimon.nl
vps1808,almerebowlsclub.nl
vps1808,andresklussenbedrijf.nl
vps1808,andycobben.nl
vps1808,anneke.granum.nl
vps1808,anomalia.nl
vps1808,anyes.nl
vps1808,arristara.nl
vps1808,artbeatz.nl
vps1808,asianweb.nl
vps1808,asinglas.nl
vps1808,askdrcheese.com
vps1808,australia.dewaart.eu
vps1808,babes.dewaart.eu
vps1808,banigo.nl
vps1808,bereguod.nl
vps1808,boomstraat-bmwparts.nl
vps1808,brassbandlimburg.nl
vps1808,bureau-balans.nl
vps1808,carpool.gerbendeheij.nl
vps1808,catteryshivers.nl
vps1808,chicmote.eu
vps1808,classical.dj
vps1808,copacorry.nl
vps1808,copapro.nl
vps1808,costarica.dewaart.eu
vps1808,country.dj
vps1808,creasi.nl
vps1808,cwderegenboog.nl
vps1808,cymphonic.nl
vps1808,dapoerasliindonesia.webbelix.net
vps1808,demoulin.nl
vps1808,dev.manageplus.nl
vps1808,dev.pettermontage.nl
vps1808,dev.west-land.be
vps1808,devolharding-nijkerk.nl
vps1808,dewaart.eu
vps1808,digitaaldood.nl
vps1808,dobbemuziek.nl
vps1808,dotdrive.nl
vps1808,dropoutsbadminton.nl
vps1808,dynamicvisuals.nl
vps1808,ecoborneo.nl
vps1808,edelhertweg.nl
vps1808,elsmaes.nl
vps1808,empoweringpeople.nl
vps1808,energiekerestauratie.nl
vps1808,epoca.nl
vps1808,eriktode.nl
vps1808,erwinpappot.nl
vps1808,esthervantilburg.nl
vps1808,familievanrest.nl
vps1808,focus-studio.nl
vps1808,fotos.willegers.net
vps1808,future-sports.nl
vps1808,fysiotherapiemartens.nl
vps1808,g3h.be
vps1808,gerbendeheij.nl
vps1808,granum.nl
vps1808,gukove.nl
vps1808,hadiejan.nl
vps1808,hangjetas.nl
vps1808,hannyloots.nl
vps1808,harkedoede.nl
vps1808,hc-transport.nl
vps1808,hdlucifer.nl
vps1808,heihs.nl
vps1808,heteindevoorbij.janengreetje.nl
vps1808,humboldtjs.com
vps1808,hurariu-anai.nl
vps1808,hus-barney.nl
vps1808,iepenloftspulmitselwier.nl
vps1808,iso73.nl
vps1808,jan.granum.nl
vps1808,janbrouwers.nl
vps1808,janengreetje.nl
vps1808,jannekekoetsier.nl
vps1808,jasperfrenken.com
vps1808,jeugdtheaterlandgraaf.nl
vps1808,jolandavanleersum.nl
vps1808,jolkoedijk.nl
vps1808,jonkerszorg.pocas.nl
vps1808,joomla.webbelix.net
vps1808,jospoell.com
vps1808,jpentinga.nl
vps1808,juflinda.nl
vps1808,keesvlak.nl
vps1808,kleine-maatjes.nl
vps1808,klussenbedrijfeddyboeters.nl
vps1808,koperpoets.nl
vps1808,koreareis.terriet.com
vps1808,latenightdesign.nl
vps1808,leths-rock.com
vps1808,lichtkrant.manageplus.nl
vps1808,list.simplon31.nl
vps1808,loopgroepdokkum.nl
vps1808,lucvanlaere-harp.be
vps1808,m.prismadagbesteding.nl
vps1808,maartenwesselius.nl
vps1808,madebydede.nl
vps1808,manageplus.nl
vps1808,marc.dewaart.eu
vps1808,mdgsportmassage.nl
vps1808,michelleverheggen.nl
vps1808,mobiusmuziekschool.nl
vps1808,mobyletteforum.com
vps1808,momaja.nl
vps1808,mygallery.webbelix.net
vps1808,naggravers.nl
vps1808,netwerkhelp.nl
vps1808,newzealand.dewaart.eu
vps1808,nicoenkaren.nl
vps1808,nieuw.banigo.nl
vps1808,nieuw.dobbemuziek.nl
vps1808,nieuw.hurariu-anai.nl
vps1808,nieuwzeeland.dewaart.eu
vps1808,nimdb.nl
vps1808,njlglas.nl
vps1808,o-recordings.nl
vps1808,only-sim.nl
vps1808,opvangvoorziekekinderen.nl
vps1808,palingdorp.nl
vps1808,papawhiskey.nl
vps1808,paranormale-web.nl
vps1808,paul.ries-online.nl
vps1808,pettermontage.nl
vps1808,pgagolfmakelaar.com
vps1808,photogallery.webbelix.net
vps1808,pocas.nl
vps1808,polo-art.nl
vps1808,praktijkpura.nl
vps1808,priorijthabor.nl
vps1808,prismadagbesteding.nl
vps1808,provencebleu.com
vps1808,ptpse.nl
vps1808,rabiusdesign.nl
vps1808,race.dewaart.eu
vps1808,raceplaatjes.dewaart.eu
vps1808,redhorse.nl
vps1808,ries-online.nl
vps1808,robiene.nl
vps1808,rodenbachfluiter.be
vps1808,ronaldvandenboogaard.nl
vps1808,ruumsicht.nl
vps1808,sander.sogforum.nl
vps1808,simplon31.nl
vps1808,siranela.com
vps1808,sogforum.nl
vps1808,spechtinspecties.pocas.nl
vps1808,stadsraaddelden.nl
vps1808,stamwatersport.nl
vps1808,stekkenkamp.nl
vps1808,sten.ptpse.nl
vps1808,stichtingjonkerszorg.nl
vps1808,stiweesp.nl
vps1808,subscription.simplon31.nl
vps1808,sunset-zonwering.pocas.nl
vps1808,suus.pettermontage.nl
vps1808,svdevrijheid.webbelix.net
vps1808,talanta.nl
vps1808,tandartsenemmen.nl
vps1808,terriet.com
vps1808,test.willegers.net
vps1808,testlab.andycobben.nl
vps1808,thebindusociety.nl
vps1808,thegrifter.eu
vps1808,toeterszonderbellen.nl
vps1808,uniekbouw.nl
vps1808,vandenbrandfinancialmanagement.nl
vps1808,vandendop.nl
vps1808,verliesvaneenkind.nl
vps1808,verpleegkundigkinderdagverblijf.nl
vps1808,vindapp.mobyletteforum.com
vps1808,vissen.simplon31.nl
vps1808,vml.manageplus.nl
vps1808,vvbareveld.nl
vps1808,waddendobber.nl
vps1808,wallybastiaanssen.nl
vps1808,warungberkat.nl
vps1808,webbelix.net
vps1808,weblog.dewaart.eu
vps1808,webshop.asianweb.nl
vps1808,welkomopdereunie.nl
vps1808,wesselinkmast.nl
vps1808,west-land.be
vps1808,wicketwood.nl
vps1808,wijkwegwijs.nl
vps1808,wijnbergameland.nl
vps1808,wijnbergvakantieverblijven.nl
vps1808,willegers.net
vps1808,winkel.ries-online.nl
vps1808,wordpress.andycobben.nl
vps1808,wordpress.webbelix.net
vps1808,worksofheart.nl
vps1808,xixcorps.nl
vps1808,yvonnefeijen.nl
vps1808,yvonnefontijne.nl
vps1808,zpcdeinktvis.nl
vps1811,a-merk.tomarket.nl
vps1811,allonsite.krysmann.net
vps1811,amicitiavmc.nl
vps1811,annkarreman.com
vps1811,archief.avsprint.nl
vps1811,automodelli.nl
vps1811,avellino.nl
vps1811,avsprint.nl
vps1811,bestsafety.nl
vps1811,blijleven.be
vps1811,boven12.bovensmildeonline.nl
vps1811,bovensmildeonline.nl
vps1811,bpzw.nl
vps1811,btbedrijfsadvies.nl
vps1811,cafepubliekewerken.com
vps1811,ciparts.nl
vps1811,collibra.nl
vps1811,cpeople.com.hk
vps1811,crompvoets.eu
vps1811,dataquality.nl
vps1811,de.seriouslab.nl
vps1811,deelentocht.nl
vps1811,dejongim.nl
vps1811,demo.intodq.com
vps1811,design-bakery.nl
vps1811,detintaan.nl
vps1811,dev.intodq.com
vps1811,dev.pdscott.com
vps1811,devrijeruimtearnhem.nl
vps1811,digiknol.eu
vps1811,digitaalgarantieboekje.nl
vps1811,donadona.nl
vps1811,drconsultancy.nl
vps1811,ecs-webhosting.be
vps1811,eikoweijer.nl
vps1811,elbek-pos.be
vps1811,elbeko.be
vps1811,ellesrozing.nl
vps1811,empeecee.nl
vps1811,enquete.krysmann.net
vps1811,facebook.topxl.nl
vps1811,fashionatwork.nl
vps1811,foto.pdscott.com
vps1811,fotodrift.nl
vps1811,framesi.be
vps1811,gezellig.design-bakery.nl
vps1811,greatshape.nl
vps1811,groenroodwit.nl
vps1811,halters-offermanns.nl
vps1811,henkbrandwijk.nl
vps1811,hetmozaiekdeventer.nl
vps1811,hexaeu.sitelinq.nl
vps1811,hexanl.sitelinq.nl
vps1811,hmstudio.sitelinq.nl
vps1811,hof.reservereserves.com
vps1811,hotel-alkyon-sfakia-crete.com
vps1811,i-buddy.vos-nbd.nl
vps1811,ikwil2ouders.nl
vps1811,improvetraining.nl
vps1811,int.improvetraining.nl
vps1811,interactievelingen.nl
vps1811,intodq.com
vps1811,jaapfrerichs.nl
vps1811,janprovoost.nl
vps1811,jimenkatja.thefreelancecontroller.com
vps1811,jimmysgang.eu
vps1811,josvankasterenbv.nl
vps1811,jukes.nl
vps1811,katcomweb.thefreelancecontroller.com
vps1811,keesgroenheide.nl
vps1811,klaasvanvliet.com
vps1811,kloosterpoffertjes.nl
vps1811,krysmann.net
vps1811,luc.digiknol.eu
vps1811,lucdeclercknv.be
vps1811,makeitall.sitelinq.nl
vps1811,mandancemusicandpublish.jimmysgang.eu
vps1811,martijnvangelder.com
vps1811,mastboscross.nl
vps1811,mediatotaal.net
vps1811,meesterbrug10.bovensmildeonline.nl
vps1811,metsnoekinzee.nl
vps1811,mondocoatings.nl
vps1811,mopalindustry.ro
vps1811,nab.donadona.nl
vps1811,newmenvision.com
vps1811,next.avsprint.nl
vps1811,nl.improvetraining.nl
vps1811,oaseriethoven.nl
vps1811,ont.donadona.nl
vps1811,oudesite.avsprint.nl
vps1811,p-bouckaert.be
vps1811,paardentaal.nl
vps1811,pavswerk.nl
vps1811,pazziamsterdam.nl
vps1811,pdscott.com
vps1811,pedicuresalonvlijtigliesje.nl
vps1811,ploum.krysmann.net
vps1811,portretten.design-bakery.nl
vps1811,pottery.be
vps1811,preview.avsprint.nl
vps1811,publish.pdscott.com
vps1811,reservereserves.com
vps1811,rielen.thefreelancecontroller.com
vps1811,royaltastecoffee.nl
vps1811,seriouslab.nl
vps1811,shop.vdg.be
vps1811,sitelinq.nl
vps1811,sixpack-debierservice.nl
vps1811,sjoerdceelen.com
vps1811,sjoukjekooistra.nl
vps1811,ski-appartement-lesmenuires.com
vps1811,smashine.sitelinq.nl
vps1811,snikkenburg.nl
vps1811,sportsupport.yabeau.nl
vps1811,studio.yabeau.nl
vps1811,svastrow.nl
vps1811,taartje.com
vps1811,tba.be
vps1811,test.keesgroenheide.nl
vps1811,test2.design-bakery.nl
vps1811,thefreelancecontroller.com
vps1811,tomarket.nl
vps1811,topxl.nl
vps1811,trackmeetingbreda.nl
vps1811,trilliumsoft.nl
vps1811,trilliumsoftware.nl
vps1811,valk-sfc.nl
vps1811,vandenbosscheservices.nl
vps1811,vandijkpapier.nl
vps1811,vangemertwonen.nl
vps1811,vdg.be
vps1811,vdwpartners.nl
vps1811,verrijwonen.nl
vps1811,versluisoptiek.nl
vps1811,voiceart.nl
vps1811,vos-nbd.nl
vps1811,waterpolo.digiknol.eu
vps1811,wel-zijn.eu
vps1811,wk2014.sitelinq.nl
vps1811,wp.empeecee.nl
vps1811,yabeau.nl
vps1811,yellowriders.nl
vps1811,yezirah.nl
vps1811,yffectief.nl
vps1811,zelfstucen.nl
vps1812,5blatest.nl
vps1812,5september.nl
vps1812,a4media.nl
vps1812,annevanderwoude.nl
vps1812,antonioennatasja.nl
vps1812,artioscad.a4media.nl
vps1812,ascama.vankimmenade.com
vps1812,asteffekan.nl
vps1812,ateas.nl
vps1812,autodeurne.com
vps1812,aventurijnglasgalerie.nl
vps1812,backup-ftp.2is.nl
vps1812,bagpipe.nl
vps1812,bartels.nu
vps1812,bastrans.nl
vps1812,bedaux.org
vps1812,beekmans-vandeven.nl
vps1812,betameldpunt.fhrs.nl
vps1812,bikkel.destuw.nl
vps1812,bioscoopatlantic.nl
vps1812,bistro-lunetten.nl
vps1812,bla.5september.nl
vps1812,blaaatest.com
vps1812,boerenbruyn.nl
vps1812,borkhuis.nl
vps1812,bouwman-aanhangwagens.nl
vps1812,bronswijk.nu
vps1812,car-audio.nl
vps1812,chrishermans.nl
vps1812,citrex.nl
vps1812,coachingensupervisie.nl
vps1812,cokadvies.nl
vps1812,csw-scholen.nl
vps1812,dankzijdedijken.nl
vps1812,dbms.nl
vps1812,de-water-lelie.nl
vps1812,degoedeschilders.nl
vps1812,demeulmeester.nl
vps1812,deprofessionelemens.nl
vps1812,desirevandoorne.nl
vps1812,destuw.nl
vps1812,dev.spelenderwijsheid.nl
vps1812,dkv-ijmuiden.nl
vps1812,dongelmans.nl
vps1812,eijsberg.nl
vps1812,fdnmuseum.nl
vps1812,fhrs.nl
vps1812,foto.multifunktionist.nl
vps1812,fysiotherapie-utrecht.nl
vps1812,goudwil.nl
vps1812,grm-emmen.nl
vps1812,gvrieling.nl
vps1812,hamgiessen.nl
vps1812,hanhadders.nl
vps1812,hebbentours.nl
vps1812,heemkundekringloonoptsandt.nl
vps1812,homminga.nl
vps1812,hvision.nl
vps1812,ictplan.nl
vps1812,installatietechniekbeusichem.nl
vps1812,interbaarslag.nl
vps1812,janwessels.eu
vps1812,jazzdance4all.nl
vps1812,jhbrouwervof.nl
vps1812,joomla.bedaux.org
vps1812,jorsystems.nl
vps1812,joventa.nl
vps1812,kapsalonmoncherie.nl
vps1812,kermissoesterberg.nl
vps1812,kinderdagverblijfbuitenpret.nl
vps1812,kranenberg-juweliers.nl
vps1812,kroderisolatie.nl
vps1812,leden.zonsportenspel.nl
vps1812,lindehof-bv.nl
vps1812,lovetodance.nl
vps1812,luthipraktijk.nl
vps1812,margotkikkert.nl
vps1812,medyoberendorff.nl
vps1812,mijnmeldpunt.fhrs.nl
vps1812,minneboo.net
vps1812,mkint.nl
vps1812,multifunktionist.nl
vps1812,museumvosbergen.nl
vps1812,museumzicht.nl
vps1812,muurling.nl
vps1812,muziektentapeldoorn.nl
vps1812,netkoers.nl
vps1812,new2.jazzdance4all.nl
vps1812,noorderlichtcafe.nl
vps1812,obswillemalexander.nl
vps1812,okeesjen.nl
vps1812,old.sneakyg.nl
vps1812,opa.dongelmans.nl
vps1812,opstellingencoaching.nl
vps1812,orelbv.nl
vps1812,parkgolfberkelenschot.nl
vps1812,pollyanna.nl
vps1812,post.vanderlande.net
vps1812,presentingwithimpact.nl
vps1812,productiemeldpunt.fhrs.nl
vps1812,quink.nl
vps1812,regatta.netkoers.nl
vps1812,renekwast.nl
vps1812,robert.dongelmans.nl
vps1812,robhollebeek.nl
vps1812,robsgarage.nl
vps1812,rocmarbouw.nl
vps1812,romydeborst.nl
vps1812,sander.dongelmans.nl
vps1812,scalahostingsolutions.nl
vps1812,schiphol.net
vps1812,school.multifunktionist.nl
vps1812,shakenorstirred.nl
vps1812,shop.5september.nl
vps1812,shop.tianxiang.nl
vps1812,silverkey.nl
vps1812,sneakyg.nl
vps1812,spelenderwijsheid.nl
vps1812,stay-tuned.nl
vps1812,steigerhoutmeubelen.nl
vps1812,svanamerongen.nl
vps1812,svaservice.nl
vps1812,techmo.nl
vps1812,temp.5september.nl
vps1812,tennant-europe.com
vps1812,test.bagpipe.nl
vps1812,test.jazzdance4all.nl
vps1812,test.medyoberendorff.nl
vps1812,test.videoclub-sgd.nl
vps1812,testkip.5september.nl
vps1812,testmeldpunt.fhrs.nl
vps1812,the-fast-track.com
vps1812,thebighand.nl
vps1812,thebinkdrink.nl
vps1812,thesalesbook.nl
vps1812,tianxiang.nl
vps1812,tielemans.tv
vps1812,tinymce.5september.nl
vps1812,tonupkid.com
vps1812,up-grade.nl
vps1812,vanderlande.net
vps1812,vankimmenade.com
vps1812,vaultevents.nl
vps1812,verloskundigenoost.nl
vps1812,videoclub-sgd.nl
vps1812,vuyk.net
vps1812,vve-vondellaan.nl
vps1812,webmail.willemvanharen.nl
vps1812,willemvanharen.nl
vps1812,woltersjuweliers.nl
vps1812,woodturning.vankimmenade.com
vps1812,wordpress.presentingwithimpact.nl
vps1812,wouter.multifunktionist.nl
vps1812,zeilenophetijsselmeer.com
vps1812,zijspreekt.nl
vps1812,zonsportenspel.nl
vps1812,zwartekoffiesterkeverhalen.nl
vps1813,administratie.kungfuamsterdam.nl
vps1813,amsterdamwingchun.nl
vps1813,bandenleeuw.nl
vps1813,bcnlp.nl
vps1813,bedrijfsbericht.nl
vps1813,beyond-change.com
vps1813,claimzorg.loonschadeverhaal.nl
vps1813,coachworld.nl
vps1813,despaspecialist.nl
vps1813,dorpsoverlegneer.nl
vps1813,esprit-elan.nl
vps1813,etenmetellen.nl
vps1813,eternalspringkungfu.nl
vps1813,financieleraadgeving.nl
vps1813,fysioflow.nl
vps1813,groencentrumarbo.nl
vps1813,healthupclub.nl
vps1813,heerenvanhaaglanden.nl
vps1813,hostpark.nl
vps1813,huisartsvandongen.nl
vps1813,iwka-wingtjun.de
vps1813,iwkawingtjun.it
vps1813,johannesdebruin.com
vps1813,karateamsterdam.nl
vps1813,kungfuamsterdam.nl
vps1813,kungfuhaarlem.nl
vps1813,kungfuhongkong.com.hk
vps1813,kungfunederland.nl
vps1813,laperledesalpes.com
vps1813,laperledesalpes.fr
vps1813,laperledesalpes.nl
vps1813,letselschadeforum.nl
vps1813,li-ac.nl
vps1813,loonschadeverhaal.nl
vps1813,m.marionswebtuin.nl
vps1813,maf-internet.nl
vps1813,marcbuurke.nl
vps1813,marionswebtuin.nl
vps1813,martijnensophie.nl
vps1813,mbpersonaltraining.nl
vps1813,meppelbouwt.nl
vps1813,miriamvenema.nl
vps1813,mullemeister.nl
vps1813,mysales.nl
vps1813,nationalepasletselschade.nl
vps1813,poweredbypodoxpert.nl
vps1813,praktijkyuda.nl
vps1813,roermarketing.nl
vps1813,shop.groencentrumarbo.nl
vps1813,strypemanagement.com
vps1813,succesvollekinderen.nl
vps1813,superchess.nl
vps1813,test.nationalepasletselschade.nl
vps1813,test.praktijkyuda.nl
vps1813,test.twinland.nl
vps1813,thevoiceoftheuk.com
vps1813,thevoiceuk.co.uk
vps1813,twinland.nl
vps1813,websiteonderzoeker.nl
vps1813,wesleyboerpersonaltraining.nl
vps1813,wingchunhongkong.com.hk
vps1813,wingtjun.nl
vps1813,wmoacademie.nl
vps1813,wmoacademie.nu
vps1813,wolveschans.nl
vps1813,wponlineinaday.com
vps1813,zonnepanelen-friesland-groningen.nl
vps1814,2ducks.net
vps1814,aanduin.nl
vps1814,adserariba.nl
vps1814,all-in-notaris.nl
vps1814,allerleikreatief.nl
vps1814,anvwestfriesland.nl
vps1814,ap-marine.nl
vps1814,appelkring.nl
vps1814,boeddhaenbonsai.nl
vps1814,bongossi-online.de
vps1814,cafe-zaal-roeloffs.nl
vps1814,caluza.nl
vps1814,demaalderijhouten.nl
vps1814,demerkwerkplaats.nl
vps1814,demowerk.demerkwerkplaats.nl
vps1814,dentalpracticevandeveer-zuidas.nl
vps1814,dev.lukin.nl
vps1814,dev.nobokaay.com
vps1814,dev.spacific.nl
vps1814,ecoloca.demerkwerkplaats.nl
vps1814,effort.nl
vps1814,ehbooss.nl
vps1814,elandsgracht.com
vps1814,en.spacific.nl
vps1814,euog.org
vps1814,f-varkevisser.nl
vps1814,friedaborduurshop.nl
vps1814,fuproductions.nl
vps1814,half-acht.nl
vps1814,hannekeakkermans.nl
vps1814,hhb-accoya-online.nl
vps1814,iesberts.nl
vps1814,jennies.nl
vps1814,jinamoja.eu
vps1814,kdv-tijdvoorkinderen.nl
vps1814,kennishuis.nl
vps1814,keuringsinstituutheerhugowaard.nl
vps1814,kinderbuikoud.thijsnobels.nl
vps1814,kinderwerkkopie.demerkwerkplaats.nl
vps1814,king-william.nl
vps1814,kknh.nl
vps1814,kunst.weetikal.nl
vps1814,lukin.nl
vps1814,mijnnotariskantoor.nl
vps1814,mp-admin.nl
vps1814,mulderfysio.nl
vps1814,muskoracing.nl
vps1814,newambiance.nl
vps1814,nieuwesite.skeelervriendendrunen.nl
vps1814,nobokaay.com
vps1814,noorderzon.biz
vps1814,novel-aranea.nl
vps1814,ohm.demerkwerkplaats.nl
vps1814,peppermintblog.com
vps1814,phocall.com
vps1814,postwijck.nl
vps1814,praktijkpoolmans.nl
vps1814,pres.spacific.nl
vps1814,retailohm.demerkwerkplaats.nl
vps1814,reynurs.nl
vps1814,robijnring.nl
vps1814,scheidenendelen.nl
vps1814,showbizznet.nl
vps1814,skeelervriendendrunen.nl
vps1814,sleking.nl
vps1814,smeltkroesdekeen.nl
vps1814,spacific.nl
vps1814,taland.nl
vps1814,tandartsenpraktijkvandeveer-zuidas.nl
vps1814,tandartsenpraktijkvandeveer.nl
vps1814,thijsnobels.nl
vps1814,uneedus.nl
vps1814,vriend.skeelervriendendrunen.nl
vps1814,watermen.nl
vps1814,weetikal.nl
vps1814,welcome.nobokaay.com
vps1814,wordpress.robijnring.nl
vps1814,wordpress.sleking.nl
vps1814,wrks.nl
vps1814,zomerhuisje-schoorl.nl
vps2001,123-parking.nl
vps2001,aanmelden.thevoiceofholland.com
vps2001,aannemers-bouwbedrijf-tilburg.nl
vps2001,albertdijkstra.nl
vps2001,aller.pkn-veenendaal.nl
vps2001,allererf.pkn-veenendaal.nl
vps2001,attractive.eu
vps2001,autoschadebeilen.nl
vps2001,azobe-online.fr
vps2001,beeldgang.com
vps2001,beroep-petrakerk.pkn-veenendaal.nl
vps2001,bertvandijken.nl
vps2001,betsieskookwinkel.nl
vps2001,bloema.nl
vps2001,bommelstein.info
vps2001,buitenbergen13.nl
vps2001,carwashgroup.net
vps2001,cjo.pkn-veenendaal.nl
vps2001,confianceassurance.nl
vps2001,credutien.nl
vps2001,cremevitaal.nl
vps2001,cursusstoppenmetroken.nl
vps2001,cvkr.pkn-veenendaal.nl
vps2001,demo-hosting.nl
vps2001,demowebsite1.nl
vps2001,den-engelsen.nl
vps2001,deroobouw.nl
vps2001,dev.demo-hosting.nl
vps2001,devijfsuites.nl
vps2001,dierenkliniekbrandersstad.nl
vps2001,dijkstramakelaardij.nl
vps2001,dispuutfidel.nl
vps2001,dresden.pkn-veenendaal.nl
vps2001,easyparkingschiphol.nl
vps2001,ecshelpdesk.be
vps2001,egme.nl
vps2001,ekgroningen.nl
vps2001,elkind.nl
vps2001,epr-compliance.com
vps2001,ergotherapieharen.nl
vps2001,feest.bloema.nl
vps2001,feest.siepelnijs.nl
vps2001,fondue-en-raclette.nl
vps2001,frankrijkhuismagazine.nl
vps2001,gertyphotoart.com
vps2001,goedereede.pkn-veenendaal.nl
vps2001,grijpmaantiek.nl
vps2001,hofmanruinen.nl
vps2001,huis.bloema.nl
vps2001,ingridroos.nl
vps2001,innocomm.org
vps2001,iosxsupport.com
vps2001,jaapsdodedierenblog.nl
vps2001,jb-autos.nl
vps2001,joomla.letselschadebureau-limburg.nl
vps2001,kbureau.pkn-veenendaal.nl
vps2001,keijzerparkeerservice.nl
vps2001,kinderfysiotherapievanulsen.nl
vps2001,knikerboker.nl
vps2001,kwadrant.com
vps2001,landschoenmode.nl
vps2001,letselschadebureau-limburg.nl
vps2001,lloydveiraconsultancy.nl
vps2001,lmbgeertsema.nl
vps2001,logopediehoogezand.nl
vps2001,loonbedrijfgeertsema.nl
vps2001,mafinternet.nl
vps2001,matchpoint.nu
vps2001,mcaduizendpoot.nl
vps2001,mekeldewitteraaf.nl
vps2001,mindsetfestival.nl
vps2001,negeres.nl
vps2001,noordoost.pkn-veenendaal.nl
vps2001,onetogether.pkn-veenendaal.nl
vps2001,opleider.com
vps2001,opleiding-frans-friesland.nl
vps2001,oregon-online.nl
vps2001,paramedischadvies.nl
vps2001,parkingcrm.nl
vps2001,peter.bloema.nl
vps2001,petrakerk.pkn-veenendaal.nl
vps2001,phoebeohayon.com
vps2001,pkn-veenendaal.nl
vps2001,pknveen.pkn-veenendaal.nl
vps2001,poedel-pups.nl
vps2001,praktijkorganisatieontwikkeling.nl
vps2001,primaparkeren.nl
vps2001,rapotec.nl
vps2001,riddersma-autos.nl
vps2001,ruthtervoort.nl
vps2001,sdfsdf.demowebsite1.nl
vps2001,shop.demo-hosting.nl
vps2001,siepelnijs.nl
vps2001,sjeu.pkn-veenendaal.nl
vps2001,solafide.pkn-veenendaal.nl
vps2001,solafriends.pkn-veenendaal.nl
vps2001,sportuna.be
vps2001,stichting.innocomm.org
vps2001,studio.thevoiceofholland.com
vps2001,studiolayout.nl
vps2001,subsidiecatalogus.nl
vps2001,sukado.nl
vps2001,sylkekorn.nl
vps2001,syntesia.nl
vps2001,taalsignaal.nl
vps2001,thevoiceofholland.com
vps2001,topvalet.nl
vps2001,travel-parkingservice.nl
vps2001,uitvaartzorggroningen.nl
vps2001,vanderkloksafetycontrol.nl
vps2001,veldhoencompany.com
vps2001,venice-arche.nl
vps2001,vliegveldparkeren.nl
vps2001,vliegveldschipholparkeren.nl
vps2001,websitemanager.pkn-veenendaal.nl
vps2001,willemclaassen.nl
vps2001,winb.nl
vps2001,winkel.cremevitaal.nl
vps2001,youthmax.pkn-veenendaal.nl
vps2001,zoczsf.pkn-veenendaal.nl
vps2001,zwavrie.nl